Theme: Economy & Prices,,,,,,,,,,,,,,,,,,,,,,,,,,,,,,,,,,,,,,,,,,,,,,,,,,,,,,,,,,,,,,
Subject: Prices and Price Indices,,,,,,,,,,,,,,,,,,,,,,,,,,,,,,,,,,,,,,,,,,,,,,,,,,,,,,,,,,,,,,
Topic: Consumer Price Index (CPI)/ Inflation Rate,,,,,,,,,,,,,,,,,,,,,,,,,,,,,,,,,,,,,,,,,,,,,,,,,,,,,,,,,,,,,,
"Table Title: Percent Change In Consumer Price Index (CPI) Over Corresponding Period Of Previous Year, 2019 As Base Year, Annual",,,,,,,,,,,,,,,,,,,,,,,,,,,,,,,,,,,,,,,,,,,,,,,,,,,,,,,,,,,,,,
,,,,,,,,,,,,,,,,,,,,,,,,,,,,,,,,,,,,,,,,,,,,,,,,,,,,,,,,,,,,,,
Data last updated: 25/03/2024,,,,,,,,,,,,,,,,,,,,,,,,,,,,,,,,,,,,,,,,,,,,,,,,,,,,,,,,,,,,,,
Source: SINGAPORE DEPARTMENT OF STATISTICS,,,,,,,,,,,,,,,,,,,,,,,,,,,,,,,,,,,,,,,,,,,,,,,,,,,,,,,,,,,,,,
,,,,,,,,,,,,,,,,,,,,,,,,,,,,,,,,,,,,,,,,,,,,,,,,,,,,,,,,,,,,,,
,,,,,,,,,,,,,,,,,,,,,,,,,,,,,,,,,,,,,,,,,,,,,,,,,,,,,,,,,,,,,,Per Cent
Data Series,2023,2022,2021,2020,2019,2018,2017,2016,2015,2014,2013,2012,2011,2010,2009,2008,2007,2006,2005,2004,2003,2002,2001,2000,1999,1998,1997,1996,1995,1994,1993,1992,1991,1990,1989,1988,1987,1986,1985,1984,1983,1982,1981,1980,1979,1978,1977,1976,1975,1974,1973,1972,1971,1970,1969,1968,1967,1966,1965,1964,1963,1962
All Items,4.8,6.1,2.3,-0.2,0.6,0.4,0.6,-0.5,-0.5,1,2.4,4.6,5.2,2.8,0.6,6.6,2.1,1,0.5,1.7,0.5,-0.4,1,1.3,0,-0.3,2,1.4,1.7,3.1,2.3,2.2,3.4,3.5,2.3,1.5,0.5,-1.4,0.5,2.6,1,3.9,8.2,8.5,4,4.1,3.2,-1.9,2.6,22.4,19.6,2.1,1.9,0.3,-0.3,0.7,3.3,2,0.3,1.7,2.1,0.5
  Food,5.8,5.3,1.4,1.9,1.5,1.4,1.4,2.1,1.9,2.9,2.1,2.3,3,1.4,2.3,7.7,3,1.5,1.3,2,0.6,0,0.5,0.5,0.9,0.2,2,2.1,2.3,3.5,1,1.2,1.6,0.8,1.1,1.4,-0.2,-1.5,-1.2,1.5,0.2,4.9,9.8,8.5,2.5,5.7,5,-6.2,1.1,25.6,33.8,2.5,2.3,-0.5,-1.9,0.2,4.7,2.8,-0.5,2.5,3.7,0.7
  Food Excl Food Serving Services,5.1,5.3,1.6,2.9,1.1,1.3,1.3,2.3,1.2,3,2.3,2.4,3.6,2.3,2.5,9.7,4,2,2,3.2,0.6,-1.1,-0.4,0.5,1.2,-1,2.4,1.7,1.5,3.1,0,1,1.2,na,na,na,na,na,na,na,na,na,na,na,na,na,na,na,na,na,na,na,na,na,na,na,na,na,na,na,na,na
    Bread & Cereals,6.8,4,0.6,1.9,1.5,1.4,0.6,1.3,1.3,1.6,1.5,1.9,1.9,2,3.5,15.8,3.4,1.2,1.3,3.6,2,-3.7,-0.9,na,na,na,na,na,na,na,na,na,na,na,na,na,na,na,na,na,na,na,na,na,na,na,na,na,na,na,na,na,na,na,na,na,na,na,na,na,na,na
      Rice,3,-1.4,-1.9,1.8,3.9,1.4,-0.5,0.8,-0.9,na,na,na,na,na,na,na,na,na,na,na,na,na,na,na,na,na,na,na,na,na,na,na,na,na,na,na,na,na,na,na,na,na,na,na,na,na,na,na,na,na,na,na,na,na,na,na,na,na,na,na,na,na
      Flour,10.8,2.1,-2,-2.1,-0.2,-1.9,0.3,1.1,-0.9,na,na,na,na,na,na,na,na,na,na,na,na,na,na,na,na,na,na,na,na,na,na,na,na,na,na,na,na,na,na,na,na,na,na,na,na,na,na,na,na,na,na,na,na,na,na,na,na,na,na,na,na,na
      Bread,8.2,5.1,1.1,1,1.1,1.6,0.6,1.8,2,na,na,na,na,na,na,na,na,na,na,na,na,na,na,na,na,na,na,na,na,na,na,na,na,na,na,na,na,na,na,na,na,na,na,na,na,na,na,na,na,na,na,na,na,na,na,na,na,na,na,na,na,na
      Noodles & Pasta,6.5,6.7,1.2,2,-0.7,0.5,0.1,1,-1.2,na,na,na,na,na,na,na,na,na,na,na,na,na,na,na,na,na,na,na,na,na,na,na,na,na,na,na,na,na,na,na,na,na,na,na,na,na,na,na,na,na,na,na,na,na,na,na,na,na,na,na,na,na
      Biscuits & Cookies,6.8,7.4,0.4,4.2,1.3,1.6,1.1,2.1,1.5,na,na,na,na,na,na,na,na,na,na,na,na,na,na,na,na,na,na,na,na,na,na,na,na,na,na,na,na,na,na,na,na,na,na,na,na,na,na,na,na,na,na,na,na,na,na,na,na,na,na,na,na,na
      Cakes & Pastries,6.7,4.1,1.5,2.3,1.5,2,1.5,0.7,3,na,na,na,na,na,na,na,na,na,na,na,na,na,na,na,na,na,na,na,na,na,na,na,na,na,na,na,na,na,na,na,na,na,na,na,na,na,na,na,na,na,na,na,na,na,na,na,na,na,na,na,na,na
      Other Cereals,10,2.3,1.3,1.2,0.9,-0.1,-0.3,1.4,0.3,na,na,na,na,na,na,na,na,na,na,na,na,na,na,na,na,na,na,na,na,na,na,na,na,na,na,na,na,na,na,na,na,na,na,na,na,na,na,na,na,na,na,na,na,na,na,na,na,na,na,na,na,na
    Meat,6.6,9.5,0.3,5.5,0.1,-0.1,0.6,2.1,0.7,1.7,1,1.9,2.9,1.8,5.1,10.9,2.4,1.2,5.1,7.7,3.5,0.7,-0.4,na,na,na,na,na,na,na,na,na,na,na,na,na,na,na,na,na,na,na,na,na,na,na,na,na,na,na,na,na,na,na,na,na,na,na,na,na,na,na
"      Pork, Chilled",6,1.9,-0.9,8,-0.2,0.1,0,3.5,0.7,na,na,na,na,na,na,na,na,na,na,na,na,na,na,na,na,na,na,na,na,na,na,na,na,na,na,na,na,na,na,na,na,na,na,na,na,na,na,na,na,na,na,na,na,na,na,na,na,na,na,na,na,na
"      Beef, Chilled",2.8,6.3,4.8,3.4,0,-0.2,2.6,2.1,2.2,na,na,na,na,na,na,na,na,na,na,na,na,na,na,na,na,na,na,na,na,na,na,na,na,na,na,na,na,na,na,na,na,na,na,na,na,na,na,na,na,na,na,na,na,na,na,na,na,na,na,na,na,na
"      Mutton, Chilled",6.7,13.2,-1.2,10.1,5,1.1,0,0.5,2,na,na,na,na,na,na,na,na,na,na,na,na,na,na,na,na,na,na,na,na,na,na,na,na,na,na,na,na,na,na,na,na,na,na,na,na,na,na,na,na,na,na,na,na,na,na,na,na,na,na,na,na,na
"      Poultry, Chilled",11.1,26.9,1.5,1.5,0,-0.5,0.9,3.6,-0.3,na,na,na,na,na,na,na,na,na,na,na,na,na,na,na,na,na,na,na,na,na,na,na,na,na,na,na,na,na,na,na,na,na,na,na,na,na,na,na,na,na,na,na,na,na,na,na,na,na,na,na,na,na
"      Meat, Frozen",2.2,5.6,-2,7.5,-0.4,-1.7,-1,-1.5,-0.2,na,na,na,na,na,na,na,na,na,na,na,na,na,na,na,na,na,na,na,na,na,na,na,na,na,na,na,na,na,na,na,na,na,na,na,na,na,na,na,na,na,na,na,na,na,na,na,na,na,na,na,na,na
      Meat Preparations,4.9,3.5,0.9,5.4,0.6,0.8,1.2,0.7,1.6,na,na,na,na,na,na,na,na,na,na,na,na,na,na,na,na,na,na,na,na,na,na,na,na,na,na,na,na,na,na,na,na,na,na,na,na,na,na,na,na,na,na,na,na,na,na,na,na,na,na,na,na,na
    Fish & Seafood,5.3,5.2,0.5,1,1.4,2.6,2.5,4.4,1.5,2.8,3.2,4,6,2.5,1.6,4.6,2.1,3.2,2.4,1.2,-1.8,-2,0.5,na,na,na,na,na,na,na,na,na,na,na,na,na,na,na,na,na,na,na,na,na,na,na,na,na,na,na,na,na,na,na,na,na,na,na,na,na,na,na
"      Fish, Chilled",2.6,6.9,0.3,0.9,1.5,2.8,3.3,5,2.2,na,na,na,na,na,na,na,na,na,na,na,na,na,na,na,na,na,na,na,na,na,na,na,na,na,na,na,na,na,na,na,na,na,na,na,na,na,na,na,na,na,na,na,na,na,na,na,na,na,na,na,na,na
"      Fish, Frozen",6.9,9.2,1,0,-1.3,2.3,5.6,8.2,5.6,na,na,na,na,na,na,na,na,na,na,na,na,na,na,na,na,na,na,na,na,na,na,na,na,na,na,na,na,na,na,na,na,na,na,na,na,na,na,na,na,na,na,na,na,na,na,na,na,na,na,na,na,na
      Other Seafood,10.5,0.7,0.9,-0.2,1.2,2,1.7,3.3,0.8,na,na,na,na,na,na,na,na,na,na,na,na,na,na,na,na,na,na,na,na,na,na,na,na,na,na,na,na,na,na,na,na,na,na,na,na,na,na,na,na,na,na,na,na,na,na,na,na,na,na,na,na,na
      Seafood Preparations,8.2,4.3,0.4,3.1,1.4,2.5,0.9,3.4,-0.2,na,na,na,na,na,na,na,na,na,na,na,na,na,na,na,na,na,na,na,na,na,na,na,na,na,na,na,na,na,na,na,na,na,na,na,na,na,na,na,na,na,na,na,na,na,na,na,na,na,na,na,na,na
"    Milk, Cheese & Eggs",5.8,5.8,1.5,1.9,0.4,1.6,0.6,1.7,2,5.1,4.3,4.3,4.7,2.5,2,11.7,6.2,1.7,0.1,7.7,0.7,-0.5,-0.1,na,na,na,na,na,na,na,na,na,na,na,na,na,na,na,na,na,na,na,na,na,na,na,na,na,na,na,na,na,na,na,na,na,na,na,na,na,na,na
      Formula Milk Powder,4.6,2,0.3,0.1,0,0.4,1.3,3.5,4.8,na,na,na,na,na,na,na,na,na,na,na,na,na,na,na,na,na,na,na,na,na,na,na,na,na,na,na,na,na,na,na,na,na,na,na,na,na,na,na,na,na,na,na,na,na,na,na,na,na,na,na,na,na
      Other Milk & Dairy Products,4,2.8,1.2,4,-0.1,2.6,0.8,0.9,-0.5,na,na,na,na,na,na,na,na,na,na,na,na,na,na,na,na,na,na,na,na,na,na,na,na,na,na,na,na,na,na,na,na,na,na,na,na,na,na,na,na,na,na,na,na,na,na,na,na,na,na,na,na,na
      Eggs,12.5,22.9,5.2,-0.2,4,2.3,-2.5,-1.8,1.8,na,na,na,na,na,na,na,na,na,na,na,na,na,na,na,na,na,na,na,na,na,na,na,na,na,na,na,na,na,na,na,na,na,na,na,na,na,na,na,na,na,na,na,na,na,na,na,na,na,na,na,na,na
    Oils & Fats,3.1,7.1,1.2,1.8,0.6,3.4,0.2,-1.5,-0.5,0.6,-0.8,3,4.4,-2,-0.5,33.6,7.9,1.5,0.9,3.1,2,-3,-4.9,na,na,na,na,na,na,na,na,na,na,na,na,na,na,na,na,na,na,na,na,na,na,na,na,na,na,na,na,na,na,na,na,na,na,na,na,na,na,na
      Butter & Other Fats,8.2,5.6,1.9,0.2,0.7,7.4,2.5,-0.4,0.5,na,na,na,na,na,na,na,na,na,na,na,na,na,na,na,na,na,na,na,na,na,na,na,na,na,na,na,na,na,na,na,na,na,na,na,na,na,na,na,na,na,na,na,na,na,na,na,na,na,na,na,na,na
      Cooking Oils,1.1,7.7,1,2.4,0.6,1.4,-0.9,-2,-1,na,na,na,na,na,na,na,na,na,na,na,na,na,na,na,na,na,na,na,na,na,na,na,na,na,na,na,na,na,na,na,na,na,na,na,na,na,na,na,na,na,na,na,na,na,na,na,na,na,na,na,na,na
    Fruits,3.6,3.3,2.7,1.7,2,1.9,2.7,2.4,1.8,7.6,4.4,2.4,3.7,1.9,2.7,6.2,4.7,1.3,-0.4,1.7,1.2,-1.1,-0.1,na,na,na,na,na,na,na,na,na,na,na,na,na,na,na,na,na,na,na,na,na,na,na,na,na,na,na,na,na,na,na,na,na,na,na,na,na,na,na
"      Tropical Fruits, Fresh",3.1,1.8,0.1,3.2,3.7,3.2,2.8,4.4,1.5,na,na,na,na,na,na,na,na,na,na,na,na,na,na,na,na,na,na,na,na,na,na,na,na,na,na,na,na,na,na,na,na,na,na,na,na,na,na,na,na,na,na,na,na,na,na,na,na,na,na,na,na,na
"      Citrus, Berries & Other Fruits, Fresh",3.5,4.4,5.1,0.9,1.3,1.4,2.8,0.8,2.5,na,na,na,na,na,na,na,na,na,na,na,na,na,na,na,na,na,na,na,na,na,na,na,na,na,na,na,na,na,na,na,na,na,na,na,na,na,na,na,na,na,na,na,na,na,na,na,na,na,na,na,na,na
      Preserved Fruits & Nuts,5.3,2.7,0.5,0.8,0.2,0.6,2,3.1,0.4,na,na,na,na,na,na,na,na,na,na,na,na,na,na,na,na,na,na,na,na,na,na,na,na,na,na,na,na,na,na,na,na,na,na,na,na,na,na,na,na,na,na,na,na,na,na,na,na,na,na,na,na,na
    Vegetables,1.8,4.8,5.2,5,2,-0.1,1.5,4,0.9,3.4,2.8,1.2,3.8,5.5,1,6.1,6.4,1.3,2.7,-0.2,-2,1.1,-2,na,na,na,na,na,na,na,na,na,na,na,na,na,na,na,na,na,na,na,na,na,na,na,na,na,na,na,na,na,na,na,na,na,na,na,na,na,na,na
"      Leafy Vegetables, Fresh",-0.8,6,9.1,3.7,2.5,-0.1,-0.1,5.9,1,na,na,na,na,na,na,na,na,na,na,na,na,na,na,na,na,na,na,na,na,na,na,na,na,na,na,na,na,na,na,na,na,na,na,na,na,na,na,na,na,na,na,na,na,na,na,na,na,na,na,na,na,na
"      Fruit Vegetables, Fresh",2.2,6.2,7.8,6.3,3.1,1,1.4,2.8,2,na,na,na,na,na,na,na,na,na,na,na,na,na,na,na,na,na,na,na,na,na,na,na,na,na,na,na,na,na,na,na,na,na,na,na,na,na,na,na,na,na,na,na,na,na,na,na,na,na,na,na,na,na
"      Root Vegetables, Fresh",3,0.4,0.5,5.7,1.4,-1,3.5,6.2,1.4,na,na,na,na,na,na,na,na,na,na,na,na,na,na,na,na,na,na,na,na,na,na,na,na,na,na,na,na,na,na,na,na,na,na,na,na,na,na,na,na,na,na,na,na,na,na,na,na,na,na,na,na,na
      Other Vegetables & Preparations,4.8,5.1,0.9,5.6,1,-0.3,2,1.1,-0.1,na,na,na,na,na,na,na,na,na,na,na,na,na,na,na,na,na,na,na,na,na,na,na,na,na,na,na,na,na,na,na,na,na,na,na,na,na,na,na,na,na,na,na,na,na,na,na,na,na,na,na,na,na
"    Sugar, Preserves & Confectionery",4.4,3.2,0.6,5.2,-0.2,1.4,2,1.7,0.9,-0.5,-0.3,0,2.1,3.2,0.2,5.2,4.6,8.7,1.8,1.5,1.4,-0.8,-0.2,na,na,na,na,na,na,na,na,na,na,na,na,na,na,na,na,na,na,na,na,na,na,na,na,na,na,na,na,na,na,na,na,na,na,na,na,na,na,na
      Sugar,6.5,3.7,0.9,0.7,-0.4,0.5,3.7,-0.2,-1.1,na,na,na,na,na,na,na,na,na,na,na,na,na,na,na,na,na,na,na,na,na,na,na,na,na,na,na,na,na,na,na,na,na,na,na,na,na,na,na,na,na,na,na,na,na,na,na,na,na,na,na,na,na
      Confectionery & Ice-Cream,4.4,3,0.4,6.5,-0.6,1.5,1.7,1.9,1.2,na,na,na,na,na,na,na,na,na,na,na,na,na,na,na,na,na,na,na,na,na,na,na,na,na,na,na,na,na,na,na,na,na,na,na,na,na,na,na,na,na,na,na,na,na,na,na,na,na,na,na,na,na
      Sugar Preserves & Spread,3.3,3.9,1.3,2.5,2,1.7,1.9,2,0.9,na,na,na,na,na,na,na,na,na,na,na,na,na,na,na,na,na,na,na,na,na,na,na,na,na,na,na,na,na,na,na,na,na,na,na,na,na,na,na,na,na,na,na,na,na,na,na,na,na,na,na,na,na
    Non-Alcoholic Beverages,5.8,4.6,1.6,3.6,1.6,1.2,0.5,0.2,0.3,1,1.1,2,2.6,0.3,0.5,6.9,5.7,2,1.4,2.2,0.9,-1,2.1,na,na,na,na,na,na,na,na,na,na,na,na,na,na,na,na,na,na,na,na,na,na,na,na,na,na,na,na,na,na,na,na,na,na,na,na,na,na,na
      Coffee & Tea,4.7,3.8,2.2,1,0.7,1.5,-0.2,0.8,-0.1,na,na,na,na,na,na,na,na,na,na,na,na,na,na,na,na,na,na,na,na,na,na,na,na,na,na,na,na,na,na,na,na,na,na,na,na,na,na,na,na,na,na,na,na,na,na,na,na,na,na,na,na,na
      Soft Drinks,4.6,6.6,1.2,5.6,3.3,0.7,0.2,-0.7,0.1,na,na,na,na,na,na,na,na,na,na,na,na,na,na,na,na,na,na,na,na,na,na,na,na,na,na,na,na,na,na,na,na,na,na,na,na,na,na,na,na,na,na,na,na,na,na,na,na,na,na,na,na,na
      Other Beverages,8.3,3.8,1.5,4.9,0.8,1.2,1.3,0.5,0.9,na,na,na,na,na,na,na,na,na,na,na,na,na,na,na,na,na,na,na,na,na,na,na,na,na,na,na,na,na,na,na,na,na,na,na,na,na,na,na,na,na,na,na,na,na,na,na,na,na,na,na,na,na
    Other Food,6.1,3.4,1.5,1.3,0.4,1.7,1.1,2.1,1.8,2.4,1.4,2.5,2.8,1.5,4.5,7.8,2.6,2.1,2.1,0,-0.2,-0.2,-0.4,na,na,na,na,na,na,na,na,na,na,na,na,na,na,na,na,na,na,na,na,na,na,na,na,na,na,na,na,na,na,na,na,na,na,na,na,na,na,na
  Food Serving Services,6.1,5.3,1.4,1.4,1.7,1.5,1.5,1.9,2.3,2.9,2,2.2,2.7,0.8,2.1,6.2,2.1,1.2,0.7,1.1,0.6,0.9,1.2,0.6,0.6,1.4,1.7,2.5,3,3.9,1.9,1.4,2,na,na,na,na,na,na,na,na,na,na,na,na,na,na,na,na,na,na,na,na,na,na,na,na,na,na,na,na,na
    Restaurant Food,5.9,5,1.1,1.5,1.8,1.7,1.1,2.3,3.2,2.4,2.4,3.5,2.8,1.1,1.1,5.7,3.5,1.5,1.7,2.9,1.9,0.7,2.1,na,na,na,na,na,na,na,na,na,na,na,na,na,na,na,na,na,na,na,na,na,na,na,na,na,na,na,na,na,na,na,na,na,na,na,na,na,na,na
    Fast Food,7.7,4.1,1.6,1.4,1.6,0.3,1.1,2.2,1.7,3.5,1,0,1.9,0.5,2.4,3,2.1,1.5,0.4,1.3,1.1,1.4,2.4,na,na,na,na,na,na,na,na,na,na,na,na,na,na,na,na,na,na,na,na,na,na,na,na,na,na,na,na,na,na,na,na,na,na,na,na,na,na,na
    Hawker Food,6.1,5.7,1.5,1.3,1.7,1.5,1.7,1.7,1.9,3.1,1.9,1.9,2.8,0.6,2.5,6.7,1.8,1.2,0.5,0.6,0.2,0.9,0.9,na,na,na,na,na,na,na,na,na,na,na,na,na,na,na,na,na,na,na,na,na,na,na,na,na,na,na,na,na,na,na,na,na,na,na,na,na,na,na
      Hawker Centres,6,6,1.4,1.6,na,na,na,na,na,na,na,na,na,na,na,na,na,na,na,na,na,na,na,na,na,na,na,na,na,na,na,na,na,na,na,na,na,na,na,na,na,na,na,na,na,na,na,na,na,na,na,na,na,na,na,na,na,na,na,na,na,na
      Food Courts & Coffee Shops,6.1,5.6,1.5,1.2,na,na,na,na,na,na,na,na,na,na,na,na,na,na,na,na,na,na,na,na,na,na,na,na,na,na,na,na,na,na,na,na,na,na,na,na,na,na,na,na,na,na,na,na,na,na,na,na,na,na,na,na,na,na,na,na,na,na
    Catered Food,6.3,4.5,0.7,1.6,4.9,1.1,1.7,0.7,0.2,1.3,0.9,0.8,1.3,0,1.5,5.3,2.2,0.1,0.3,na,na,na,na,na,na,na,na,na,na,na,na,na,na,na,na,na,na,na,na,na,na,na,na,na,na,na,na,na,na,na,na,na,na,na,na,na,na,na,na,na,na,na
  Clothing & Footwear,2.5,2.8,-5.5,-3.8,-0.8,1.4,0.6,0.2,0.1,-0.8,0.3,1.5,0.1,0.5,0.9,1.5,0.7,0.7,0.1,0.2,0.6,0.5,0.4,-0.9,-2,-1.4,0.9,0.6,1.5,2.3,1.3,2.4,1.8,0.9,1.8,3.4,0.4,-2.3,-2.5,-0.4,-0.1,0.4,1.8,1.9,3.5,1.9,1.5,0.7,-1.3,10.1,16.5,1.8,2.7,0.5,2.1,0.6,0.2,1.7,1.2,0.6,-0.3,-0.5
    Clothing,0.8,3,-5.6,-3.7,-1.1,1.1,0.2,0.9,-0.4,-1.4,0.4,1.6,0.3,0.7,1.9,1.6,0.3,1.3,0.4,0.4,1,0.4,0.4,na,na,na,na,na,na,na,na,na,na,na,na,na,na,na,na,na,na,na,na,na,na,na,na,na,na,na,na,na,na,na,na,na,na,na,na,na,na,na
      Men's Clothing,2.6,2.6,-3.4,-4.5,-1.6,0.8,-1.7,0.7,0.8,na,na,na,na,na,na,na,na,na,na,na,na,na,na,na,na,na,na,na,na,na,na,na,na,na,na,na,na,na,na,na,na,na,na,na,na,na,na,na,na,na,na,na,na,na,na,na,na,na,na,na,na,na
      Women's Clothing,0.2,3.5,-6.4,-3.6,-0.7,1.1,1.4,1.1,-1.3,na,na,na,na,na,na,na,na,na,na,na,na,na,na,na,na,na,na,na,na,na,na,na,na,na,na,na,na,na,na,na,na,na,na,na,na,na,na,na,na,na,na,na,na,na,na,na,na,na,na,na,na,na
      Children's Clothing,-0.3,1.5,-6.5,-2.6,-2.4,1.6,-1,0.5,1.5,na,na,na,na,na,na,na,na,na,na,na,na,na,na,na,na,na,na,na,na,na,na,na,na,na,na,na,na,na,na,na,na,na,na,na,na,na,na,na,na,na,na,na,na,na,na,na,na,na,na,na,na,na
    Other Articles & Related Services,9.1,3.4,-2.6,-0.7,-0.6,0.8,1.2,0.1,0.1,2.4,-0.1,1,-0.5,0.4,1,0,0.8,0,0.3,1.5,-0.1,-1.8,0.8,na,na,na,na,na,na,na,na,na,na,na,na,na,na,na,na,na,na,na,na,na,na,na,na,na,na,na,na,na,na,na,na,na,na,na,na,na,na,na
    Footwear,6.5,2.1,-6,-5,0.5,2.7,1.8,-2.1,1.5,0.6,0.3,1.4,-0.4,0.1,-2.3,1.4,2.1,-1,-0.7,-0.7,-0.7,1,0.3,na,na,na,na,na,na,na,na,na,na,na,na,na,na,na,na,na,na,na,na,na,na,na,na,na,na,na,na,na,na,na,na,na,na,na,na,na,na,na
      Men's Footwear,8.3,-0.6,-4.9,-5.5,1.3,2,1.7,0.6,0.2,na,na,na,na,na,na,na,na,na,na,na,na,na,na,na,na,na,na,na,na,na,na,na,na,na,na,na,na,na,na,na,na,na,na,na,na,na,na,na,na,na,na,na,na,na,na,na,na,na,na,na,na,na
      Women's Footwear,6,4.7,-7.3,-5.3,-0.7,3.7,2.2,-4.4,2.7,na,na,na,na,na,na,na,na,na,na,na,na,na,na,na,na,na,na,na,na,na,na,na,na,na,na,na,na,na,na,na,na,na,na,na,na,na,na,na,na,na,na,na,na,na,na,na,na,na,na,na,na,na
      Children's Footwear,1.7,-0.2,-3.5,-0.3,3.4,1.2,-0.2,-2.2,0.4,na,na,na,na,na,na,na,na,na,na,na,na,na,na,na,na,na,na,na,na,na,na,na,na,na,na,na,na,na,na,na,na,na,na,na,na,na,na,na,na,na,na,na,na,na,na,na,na,na,na,na,na,na
  Housing & Utilities,4.3,5.2,1.4,-0.3,-1,-1.3,-2.5,-4.1,-3.5,0.1,2.8,8.4,9,2.2,2,15,0.2,3.3,1.3,-0.1,-0.3,-2.2,1.9,2.8,-1.3,2.6,2.9,0.9,1,1.4,3.7,2.6,2.3,7.2,1.8,0,-1.5,-2.3,3.5,3.5,0.8,3.7,5.3,13.6,5.1,0,1.1,6.7,7,14.1,3.5,1.6,2.2,0.7,2.2,1.2,2.5,-0.6,1.9,1.8,0.2,0.6
    Accommodation,4.5,4.2,1.4,0.4,-0.9,-3.1,-4,-3.5,-2.6,0.3,4.1,8.9,9.4,0.9,5.4,14.2,1.6,0.7,-0.1,-0.5,-1.1,-0.8,0.7,na,na,na,na,na,na,na,na,na,na,na,na,na,na,na,na,na,na,na,na,na,na,na,na,na,na,na,na,na,na,na,na,na,na,na,na,na,na,na
    Utilities & Other Fuels,2.7,13.5,1,-5.5,-1.3,10.4,8.7,-8.2,-9.8,-1.3,-3.8,5.8,7,9.7,-13.6,17.8,-1.8,10.7,5.4,1.3,2.3,-6.7,6.1,na,na,na,na,na,na,na,na,na,na,na,na,na,na,na,na,na,na,na,na,na,na,na,na,na,na,na,na,na,na,na,na,na,na,na,na,na,na,na
      Water Supply,1,0,0,0,6.8,14.9,7.6,0,0,na,na,na,na,na,na,na,na,na,na,na,na,na,na,na,na,na,na,na,na,na,na,na,na,na,na,na,na,na,na,na,na,na,na,na,na,na,na,na,na,na,na,na,na,na,na,na,na,na,na,na,na,na
      Refuse Collection,0.9,16.7,0,0,0,0,10.2,0,20.9,na,na,na,na,na,na,na,na,na,na,na,na,na,na,na,na,na,na,na,na,na,na,na,na,na,na,na,na,na,na,na,na,na,na,na,na,na,na,na,na,na,na,na,na,na,na,na,na,na,na,na,na,na
      Electricity,4.4,21.6,0.7,-9.2,-5.6,10.4,9.3,-13,-15.1,na,na,na,na,na,na,na,na,na,na,na,na,na,na,na,na,na,na,na,na,na,na,na,na,na,na,na,na,na,na,na,na,na,na,na,na,na,na,na,na,na,na,na,na,na,na,na,na,na,na,na,na,na
      Gas,-1.4,9.7,5.9,-3.7,0,4.9,7.6,-4.4,-10.8,na,na,na,na,na,na,na,na,na,na,na,na,na,na,na,na,na,na,na,na,na,na,na,na,na,na,na,na,na,na,na,na,na,na,na,na,na,na,na,na,na,na,na,na,na,na,na,na,na,na,na,na,na
  Household Durables & Services,1.9,2,1.5,0.3,0.8,0.8,1.1,1.8,-0.6,1.8,4.9,2.4,6.4,1,1.1,2.3,0.4,-0.6,-3.1,-0.8,-0.5,-0.8,-0.4,-0.5,-0.1,0.4,-0.2,0.6,4.6,0.9,1.6,2.4,0.7,3.4,1.6,1.3,0.6,0.1,0.3,0.1,1.1,2,3.8,5.8,4.4,1.9,2,-0.9,4.4,25.4,14,1,1,1.8,-0.5,2,6.3,6.9,2.4,0.2,-2,0.1
    Household Durables,1.6,3,1.6,0,-0.4,-0.4,-1.1,0.3,0.5,0.7,0.3,0.1,0.1,0,-0.2,2.5,-0.6,-0.3,-0.5,1,-1,-1.7,-1.1,na,na,na,na,na,na,na,na,na,na,na,na,na,na,na,na,na,na,na,na,na,na,na,na,na,na,na,na,na,na,na,na,na,na,na,na,na,na,na
      Furniture,3.1,3.3,2.2,0.4,0.4,0,-0.6,1.3,1.2,na,na,na,na,na,na,na,na,na,na,na,na,na,na,na,na,na,na,na,na,na,na,na,na,na,na,na,na,na,na,na,na,na,na,na,na,na,na,na,na,na,na,na,na,na,na,na,na,na,na,na,na,na
      Furnishings,-1.5,5.2,3,-0.2,1.5,0.6,-0.7,-0.4,-0.3,na,na,na,na,na,na,na,na,na,na,na,na,na,na,na,na,na,na,na,na,na,na,na,na,na,na,na,na,na,na,na,na,na,na,na,na,na,na,na,na,na,na,na,na,na,na,na,na,na,na,na,na,na
      Other Household Textiles,1,0.6,-2,-0.8,-1.6,-1.5,-1.5,-1.4,2,na,na,na,na,na,na,na,na,na,na,na,na,na,na,na,na,na,na,na,na,na,na,na,na,na,na,na,na,na,na,na,na,na,na,na,na,na,na,na,na,na,na,na,na,na,na,na,na,na,na,na,na,na
      Household Appliances,0.6,2.7,2.1,-0.8,-1.4,-1,-2,0.1,0,na,na,na,na,na,na,na,na,na,na,na,na,na,na,na,na,na,na,na,na,na,na,na,na,na,na,na,na,na,na,na,na,na,na,na,na,na,na,na,na,na,na,na,na,na,na,na,na,na,na,na,na,na
      Utensils & Others,3.3,3.4,-0.1,1.6,0.3,0.8,0.1,-0.1,-0.9,na,na,na,na,na,na,na,na,na,na,na,na,na,na,na,na,na,na,na,na,na,na,na,na,na,na,na,na,na,na,na,na,na,na,na,na,na,na,na,na,na,na,na,na,na,na,na,na,na,na,na,na,na
    Household Services & Supplies,2.1,1.4,1.4,0.5,1.5,1.5,2.3,2.7,-1.3,2.1,6.7,3.3,9.2,1.5,1.7,2.2,1.1,-0.9,-4.8,-2.2,0,0,0.1,na,na,na,na,na,na,na,na,na,na,na,na,na,na,na,na,na,na,na,na,na,na,na,na,na,na,na,na,na,na,na,na,na,na,na,na,na,na,na
      Non-Durable Household Goods,4.4,3.6,-1,1,-0.1,0.6,-0.2,-0.7,-0.8,na,na,na,na,na,na,na,na,na,na,na,na,na,na,na,na,na,na,na,na,na,na,na,na,na,na,na,na,na,na,na,na,na,na,na,na,na,na,na,na,na,na,na,na,na,na,na,na,na,na,na,na,na
      Domestic & Household Services,1.7,1,1.8,0.4,1.8,1.6,2.8,3.5,-1.4,na,na,na,na,na,na,na,na,na,na,na,na,na,na,na,na,na,na,na,na,na,na,na,na,na,na,na,na,na,na,na,na,na,na,na,na,na,na,na,na,na,na,na,na,na,na,na,na,na,na,na,na,na
  Health Care,4.5,2.2,1.1,-1.5,1.1,2,2.5,1.1,-0.1,2.8,3.8,4.4,2.4,1.8,1.8,5.4,4,0.9,0.5,5.6,1.9,3,2.9,1.1,0.3,3.7,3.2,1.9,1.5,2.8,3.3,2.5,8.1,5,2.3,2.1,1.2,-0.4,1.4,11.9,7.9,5.3,6.3,7.1,3.7,4.3,1.6,2.7,6.5,17.4,2.8,-1.2,-0.2,0,8.3,1.5,0,0,0,0,0,0
    Medicines & Health Products,1.5,1.3,0,-1.4,-0.9,0.2,-0.1,-0.1,0.8,0.8,2.2,2.5,2.6,1.3,0.2,5.6,4.3,1.9,0,1.3,1.5,1.5,1.1,na,na,na,na,na,na,na,na,na,na,na,na,na,na,na,na,na,na,na,na,na,na,na,na,na,na,na,na,na,na,na,na,na,na,na,na,na,na,na
      Medicines & Vitamins,1.8,1.4,0.3,-1.9,-1.3,0.3,0,0.2,1.1,na,na,na,na,na,na,na,na,na,na,na,na,na,na,na,na,na,na,na,na,na,na,na,na,na,na,na,na,na,na,na,na,na,na,na,na,na,na,na,na,na,na,na,na,na,na,na,na,na,na,na,na,na
      Medical Products,0.4,0.8,-0.8,0.1,0.3,-0.4,-0.4,-0.8,0,na,na,na,na,na,na,na,na,na,na,na,na,na,na,na,na,na,na,na,na,na,na,na,na,na,na,na,na,na,na,na,na,na,na,na,na,na,na,na,na,na,na,na,na,na,na,na,na,na,na,na,na,na
    Outpatient Services,6,2.8,0.3,-3.5,1.5,1.8,2.5,2.8,-3.9,2.1,3.3,5.1,2.4,2.5,2.8,5.5,3.8,0.7,0.7,9.5,2.2,4.7,4.3,na,na,na,na,na,na,na,na,na,na,na,na,na,na,na,na,na,na,na,na,na,na,na,na,na,na,na,na,na,na,na,na,na,na,na,na,na,na,na
      Fees At Polyclinics,13.9,6.6,-0.5,-10.9,-0.2,0.6,2,1.9,-45.5,na,na,na,na,na,na,na,na,na,na,na,na,na,na,na,na,na,na,na,na,na,na,na,na,na,na,na,na,na,na,na,na,na,na,na,na,na,na,na,na,na,na,na,na,na,na,na,na,na,na,na,na,na
      Fees At General Practitioners (GP) Clinics,19.2,13,-5.5,-22.4,0.9,2,2.3,2.1,-2.4,na,na,na,na,na,na,na,na,na,na,na,na,na,na,na,na,na,na,na,na,na,na,na,na,na,na,na,na,na,na,na,na,na,na,na,na,na,na,na,na,na,na,na,na,na,na,na,na,na,na,na,na,na
      Fees At Specialist Outpatient Clinics,2.8,0.8,0.5,-0.2,2.3,2,2.2,2.9,-2,na,na,na,na,na,na,na,na,na,na,na,na,na,na,na,na,na,na,na,na,na,na,na,na,na,na,na,na,na,na,na,na,na,na,na,na,na,na,na,na,na,na,na,na,na,na,na,na,na,na,na,na,na
      Dental Services,6.5,3.6,2.3,-4.8,0,1.5,1.4,1.5,-1.1,na,na,na,na,na,na,na,na,na,na,na,na,na,na,na,na,na,na,na,na,na,na,na,na,na,na,na,na,na,na,na,na,na,na,na,na,na,na,na,na,na,na,na,na,na,na,na,na,na,na,na,na,na
      Paramedical Services,6.1,2.6,0.9,1.1,2.1,1.7,3.8,4.4,1.8,na,na,na,na,na,na,na,na,na,na,na,na,na,na,na,na,na,na,na,na,na,na,na,na,na,na,na,na,na,na,na,na,na,na,na,na,na,na,na,na,na,na,na,na,na,na,na,na,na,na,na,na,na
    Hospital Services,4.5,1.9,1.5,1.5,2.1,3.8,4.4,0.3,3.1,5.4,4.5,6.8,3,2,2,6.9,5.5,0.7,0.8,1,1.5,0.4,2,na,na,na,na,na,na,na,na,na,na,na,na,na,na,na,na,na,na,na,na,na,na,na,na,na,na,na,na,na,na,na,na,na,na,na,na,na,na,na
    Health Insurance,3.6,1.9,4.9,0,0.1,0.4,1.6,0.5,0,2.5,6.8,0,0.6,0.4,1.5,0.3,-0.4,0,0,na,na,na,na,na,na,na,na,na,na,na,na,na,na,na,na,na,na,na,na,na,na,na,na,na,na,na,na,na,na,na,na,na,na,na,na,na,na,na,na,na,na,na
  Transport,6.3,16.4,8.8,-0.7,0.8,-0.5,2.6,-2.4,-1.4,-1.2,2.3,7.1,11.9,10.3,-3.1,4.1,2.6,-1.6,-2.5,1.5,-0.2,-1.1,-1.1,3.6,-0.3,-5.1,4.6,0.5,1,7.6,3,3.2,7.6,8.4,5.2,1,1.1,-3.7,5.4,4.4,1.2,2.8,11.2,14.3,9.9,5.3,0.6,4.3,4.2,40.4,0.4,0,0,-0.1,0.2,0,0.1,0,0,0.3,0.1,-0.1
    Private Transport,8.1,19.2,11.4,-1.4,0.3,-0.6,4.2,-3,-2.2,-2,2.7,7.7,15,13.7,-3.5,3.3,2,-3.6,-3.8,2.4,-0.9,-2.7,-3,na,na,na,na,na,na,na,na,na,na,na,na,na,na,na,na,na,na,na,na,na,na,na,na,na,na,na,na,na,na,na,na,na,na,na,na,na,na,na
      Cars,11.6,24.4,14.4,1,0.9,-5,0,-5,-1.9,na,na,na,na,na,na,na,na,na,na,na,na,na,na,na,na,na,na,na,na,na,na,na,na,na,na,na,na,na,na,na,na,na,na,na,na,na,na,na,na,na,na,na,na,na,na,na,na,na,na,na,na,na
      Motorcycles,0.2,13.2,18.7,17.6,-18.3,-1.1,-0.1,3.4,20.5,na,na,na,na,na,na,na,na,na,na,na,na,na,na,na,na,na,na,na,na,na,na,na,na,na,na,na,na,na,na,na,na,na,na,na,na,na,na,na,na,na,na,na,na,na,na,na,na,na,na,na,na,na
      Petrol,-3.8,18.9,17.7,-7.3,0.1,6.7,9.1,-3.9,-4.7,na,na,na,na,na,na,na,na,na,na,na,na,na,na,na,na,na,na,na,na,na,na,na,na,na,na,na,na,na,na,na,na,na,na,na,na,na,na,na,na,na,na,na,na,na,na,na,na,na,na,na,na,na
      Other Private Transport,6.1,1.9,-2.2,-4.7,0.6,1,8.2,0.8,-1.7,na,na,na,na,na,na,na,na,na,na,na,na,na,na,na,na,na,na,na,na,na,na,na,na,na,na,na,na,na,na,na,na,na,na,na,na,na,na,na,na,na,na,na,na,na,na,na,na,na,na,na,na,na
    Public Transport,3.3,7.1,1.8,3.1,2.5,-1,-2.2,-0.1,2.1,2,0.4,4.8,1,-0.3,-1.3,5.6,3.8,3.3,0.9,0,1,1.6,2.4,na,na,na,na,na,na,na,na,na,na,na,na,na,na,na,na,na,na,na,na,na,na,na,na,na,na,na,na,na,na,na,na,na,na,na,na,na,na,na
      Bus & Train Fares,3,2.2,0,7,4.4,-2.1,-4.2,-0.9,2.6,na,na,na,na,na,na,na,na,na,na,na,na,na,na,na,na,na,na,na,na,na,na,na,na,na,na,na,na,na,na,na,na,na,na,na,na,na,na,na,na,na,na,na,na,na,na,na,na,na,na,na,na,na
      Point-To-Point Transport Services,3.3,14.2,4.6,-1,0,0,0,0.3,0.3,na,na,na,na,na,na,na,na,na,na,na,na,na,na,na,na,na,na,na,na,na,na,na,na,na,na,na,na,na,na,na,na,na,na,na,na,na,na,na,na,na,na,na,na,na,na,na,na,na,na,na,na,na
      Other Public Transport,5.5,4.9,-0.4,-2.3,0.4,1.6,2.3,3.7,5.1,na,na,na,na,na,na,na,na,na,na,na,na,na,na,na,na,na,na,na,na,na,na,na,na,na,na,na,na,na,na,na,na,na,na,na,na,na,na,na,na,na,na,na,na,na,na,na,na,na,na,na,na,na
    Other Transport Services,-2.9,12.7,4,-3.1,0.7,1.5,0,-2.3,-3.1,1.1,3.2,3.2,4.7,3.3,-10.5,11.3,2.6,-0.8,-2.2,-1.1,-0.3,-2.2,-0.4,na,na,na,na,na,na,na,na,na,na,na,na,na,na,na,na,na,na,na,na,na,na,na,na,na,na,na,na,na,na,na,na,na,na,na,na,na,na,na
      Air Fares,-2.7,11.8,4.1,-3.4,0.7,1.5,-0.1,-2.4,-3.1,na,na,na,na,na,na,na,na,na,na,na,na,na,na,na,na,na,na,na,na,na,na,na,na,na,na,na,na,na,na,na,na,na,na,na,na,na,na,na,na,na,na,na,na,na,na,na,na,na,na,na,na,na
      Other Transport,-6.6,34.4,3.1,6,0.7,1.4,1.5,-0.7,-2.3,na,na,na,na,na,na,na,na,na,na,na,na,na,na,na,na,na,na,na,na,na,na,na,na,na,na,na,na,na,na,na,na,na,na,na,na,na,na,na,na,na,na,na,na,na,na,na,na,na,na,na,na,na
  Communication,2.9,-1.2,-0.6,0.7,-0.9,-1,0.6,-0.4,0.3,-0.2,-1.4,-0.1,-1.5,-2.2,0.2,0.2,0.8,-1,-1.1,0,1.3,-0.2,-2.3,-3.1,-1.3,-3.7,-2.3,-0.6,-2.4,0.1,-0.8,0,0.8,2.3,4.8,0,0.3,-4.6,-12.2,0,0,0,0,0,1,3.1,0,0,0,0,0,0,0,0,0,0,0,0,38.5,8.3,0,0
    Postage & Courier Services,2.5,4.5,-9.3,2.5,0,0,0,0,5,3.6,0,0,0,0,0,0.5,15.1,0.6,0.1,0.7,0,-2.4,2.5,na,na,na,na,na,na,na,na,na,na,na,na,na,na,na,na,na,na,na,na,na,na,na,na,na,na,na,na,na,na,na,na,na,na,na,na,na,na,na
    Telecommunication Equipment,-2.2,4.2,-3.8,-1.5,-10.4,-6,-1,1.5,0.2,1,-0.7,-2.2,-6.8,-10.6,-0.8,-2.7,-4.7,-15.8,-12.2,-5.2,-3.1,-0.4,-22,na,na,na,na,na,na,na,na,na,na,na,na,na,na,na,na,na,na,na,na,na,na,na,na,na,na,na,na,na,na,na,na,na,na,na,na,na,na,na
    Telecommunication Services,3.3,-1.6,-0.3,0.8,-0.5,-0.8,0.6,-0.5,0.3,-0.3,-1.4,0,-1.2,-1.7,0.3,0.2,0.9,-0.2,-0.5,0.3,1.6,-0.2,-0.9,na,na,na,na,na,na,na,na,na,na,na,na,na,na,na,na,na,na,na,na,na,na,na,na,na,na,na,na,na,na,na,na,na,na,na,na,na,na,na
  Recreation & Culture,6.1,4.3,1,-1.8,1.1,1.2,0.3,0.9,0.3,1.8,1.1,1,-1.4,1,-1.3,3.8,3.1,-0.6,1.2,1.4,-1.7,0.1,2.6,0.9,-0.9,-3.7,-1,1.2,1,1.2,1.8,2.4,3.9,1.8,2.7,2.8,1.2,1,-0.1,1,0.2,1.2,8.9,3.1,4.9,7.3,0,0.2,1,8.2,1.8,0.4,2.6,0,0,0,0,0,0,0.1,-0.1,0
    Recreational & Cultural Goods,2.2,1.9,-0.3,-0.8,-1.5,-0.4,-0.9,-0.5,-0.2,0.4,-1.1,-2.4,-1.9,-1.9,-3.4,-2.7,-3.1,-3.1,-3.7,-1.6,-2,-2.7,-3.9,na,na,na,na,na,na,na,na,na,na,na,na,na,na,na,na,na,na,na,na,na,na,na,na,na,na,na,na,na,na,na,na,na,na,na,na,na,na,na
      Information Processing Equipment,-0.8,-1.3,-3.2,-0.8,0.1,-2.5,-0.9,-0.7,-0.4,na,na,na,na,na,na,na,na,na,na,na,na,na,na,na,na,na,na,na,na,na,na,na,na,na,na,na,na,na,na,na,na,na,na,na,na,na,na,na,na,na,na,na,na,na,na,na,na,na,na,na,na,na
      Audio-Visual Equipment & Others,1.7,4.5,2.6,-6.4,-9.4,1.2,-3.6,-1.3,-2.3,na,na,na,na,na,na,na,na,na,na,na,na,na,na,na,na,na,na,na,na,na,na,na,na,na,na,na,na,na,na,na,na,na,na,na,na,na,na,na,na,na,na,na,na,na,na,na,na,na,na,na,na,na
      Games & Toys,0.5,0.2,-2.1,1,2.5,-2.1,-0.2,-1,1,na,na,na,na,na,na,na,na,na,na,na,na,na,na,na,na,na,na,na,na,na,na,na,na,na,na,na,na,na,na,na,na,na,na,na,na,na,na,na,na,na,na,na,na,na,na,na,na,na,na,na,na,na
      Pets & Related Products,8.4,3.2,0.3,0.3,0.2,1.4,1.9,-0.2,0.2,na,na,na,na,na,na,na,na,na,na,na,na,na,na,na,na,na,na,na,na,na,na,na,na,na,na,na,na,na,na,na,na,na,na,na,na,na,na,na,na,na,na,na,na,na,na,na,na,na,na,na,na,na
      Other Recreational & Cultural Goods,3.6,3.8,1.8,1.4,0.7,1,0.3,0.9,1.2,na,na,na,na,na,na,na,na,na,na,na,na,na,na,na,na,na,na,na,na,na,na,na,na,na,na,na,na,na,na,na,na,na,na,na,na,na,na,na,na,na,na,na,na,na,na,na,na,na,na,na,na,na
    Recreational & Cultural Services,4.5,4.1,1.2,-0.2,1.3,1.1,0.7,0.5,0.5,2.5,3.7,3.2,-9.8,-0.9,0.7,4.2,1.8,1.1,4,1.1,1,1.4,2.9,na,na,na,na,na,na,na,na,na,na,na,na,na,na,na,na,na,na,na,na,na,na,na,na,na,na,na,na,na,na,na,na,na,na,na,na,na,na,na
      Sport Services & Other Fees,4.1,4.5,2,-0.5,1.5,0.7,1.7,2.1,0.5,na,na,na,na,na,na,na,na,na,na,na,na,na,na,na,na,na,na,na,na,na,na,na,na,na,na,na,na,na,na,na,na,na,na,na,na,na,na,na,na,na,na,na,na,na,na,na,na,na,na,na,na,na
      Cinema Tickets,6.6,6.3,2.5,4.1,3.8,1.9,0.5,-4.4,3,na,na,na,na,na,na,na,na,na,na,na,na,na,na,na,na,na,na,na,na,na,na,na,na,na,na,na,na,na,na,na,na,na,na,na,na,na,na,na,na,na,na,na,na,na,na,na,na,na,na,na,na,na
      Charges To Places Of Interest,11.7,18,2.3,-9.4,1.7,3.5,2.5,1.5,-7.9,na,na,na,na,na,na,na,na,na,na,na,na,na,na,na,na,na,na,na,na,na,na,na,na,na,na,na,na,na,na,na,na,na,na,na,na,na,na,na,na,na,na,na,na,na,na,na,na,na,na,na,na,na
      Other Recreational & Cultural Services,3.6,1.4,-0.6,0,0.2,1,-0.7,0.2,1,na,na,na,na,na,na,na,na,na,na,na,na,na,na,na,na,na,na,na,na,na,na,na,na,na,na,na,na,na,na,na,na,na,na,na,na,na,na,na,na,na,na,na,na,na,na,na,na,na,na,na,na,na
"    Newspapers, Books & Stationery",1.3,0.8,0.3,0.5,0.2,0,1.1,5.1,1.5,0.3,0.2,0.3,0.2,0.5,3.8,2.7,0.8,0.9,0.3,9.8,1.8,1.3,1.2,na,na,na,na,na,na,na,na,na,na,na,na,na,na,na,na,na,na,na,na,na,na,na,na,na,na,na,na,na,na,na,na,na,na,na,na,na,na,na
      Newspapers & Magazines,0,0,0,0,0.1,-0.1,2,12,-0.1,na,na,na,na,na,na,na,na,na,na,na,na,na,na,na,na,na,na,na,na,na,na,na,na,na,na,na,na,na,na,na,na,na,na,na,na,na,na,na,na,na,na,na,na,na,na,na,na,na,na,na,na,na
      Books & Stationery,2.1,1.3,0.4,0.8,0.3,0.1,0.3,0.2,2.6,na,na,na,na,na,na,na,na,na,na,na,na,na,na,na,na,na,na,na,na,na,na,na,na,na,na,na,na,na,na,na,na,na,na,na,na,na,na,na,na,na,na,na,na,na,na,na,na,na,na,na,na,na
    Holiday Expenses,8.3,5.3,1.4,-3,2,2,0.4,1.2,0.2,2,0.5,1.1,4.2,3.5,-2.8,6.9,7.8,-0.6,2.9,0.8,-3.7,0.8,6.7,na,na,na,na,na,na,na,na,na,na,na,na,na,na,na,na,na,na,na,na,na,na,na,na,na,na,na,na,na,na,na,na,na,na,na,na,na,na,na
      Package Tours,6.9,7.1,1.3,-1.3,2.4,1.7,-0.4,0.7,-0.1,na,na,na,na,na,na,na,na,na,na,na,na,na,na,na,na,na,na,na,na,na,na,na,na,na,na,na,na,na,na,na,na,na,na,na,na,na,na,na,na,na,na,na,na,na,na,na,na,na,na,na,na,na
      Hotels & Other Expenses,12.3,0.4,1.5,-7.3,0.4,3.1,3.3,3.2,1.7,na,na,na,na,na,na,na,na,na,na,na,na,na,na,na,na,na,na,na,na,na,na,na,na,na,na,na,na,na,na,na,na,na,na,na,na,na,na,na,na,na,na,na,na,na,na,na,na,na,na,na,na,na
  Education,2.7,2.1,1.3,-0.6,2.4,2.9,3,3.1,3.4,3.4,3.8,4.1,3.6,3.4,0.8,4.7,2.7,3.1,3.2,3.6,3.4,2.3,3.9,2.6,4.3,5,2.8,4.5,4,3.2,4.3,6.5,10.8,8.2,5.4,6.9,2.9,7.1,3.3,5.3,3,1.8,6.4,8.3,4.4,5.3,1.9,0.9,2.1,4.7,2.9,0.4,-1.2,2.1,2.1,-1.6,-1.8,3.2,-2.3,1.1,3.2,0.4
    Tuition & Other Fees,2.7,2.1,1.3,-0.6,2.4,2.9,3.1,3.1,3.5,3.5,4,4.2,3.5,3.4,0.7,4.7,2.7,3.1,3.2,3.7,3.3,2.2,4,na,na,na,na,na,na,na,na,na,na,na,na,na,na,na,na,na,na,na,na,na,na,na,na,na,na,na,na,na,na,na,na,na,na,na,na,na,na,na
      Primary Education,-0.7,0,0,0,0,0,0,-1,-2.9,na,na,na,na,na,na,na,na,na,na,na,na,na,na,na,na,na,na,na,na,na,na,na,na,na,na,na,na,na,na,na,na,na,na,na,na,na,na,na,na,na,na,na,na,na,na,na,na,na,na,na,na,na
      Secondary Education,-1.1,0,0,0.4,-0.2,-0.3,2.3,-0.6,-4.8,na,na,na,na,na,na,na,na,na,na,na,na,na,na,na,na,na,na,na,na,na,na,na,na,na,na,na,na,na,na,na,na,na,na,na,na,na,na,na,na,na,na,na,na,na,na,na,na,na,na,na,na,na
"      Other General, Vocational & Higher Education",1.1,1.5,0.9,-2.4,2.2,3.7,3.1,2.6,3.4,na,na,na,na,na,na,na,na,na,na,na,na,na,na,na,na,na,na,na,na,na,na,na,na,na,na,na,na,na,na,na,na,na,na,na,na,na,na,na,na,na,na,na,na,na,na,na,na,na,na,na,na,na
      Enrichment & Supplementary Courses,6.6,3.8,2.5,2.6,3.4,2.4,3.5,5,5.9,na,na,na,na,na,na,na,na,na,na,na,na,na,na,na,na,na,na,na,na,na,na,na,na,na,na,na,na,na,na,na,na,na,na,na,na,na,na,na,na,na,na,na,na,na,na,na,na,na,na,na,na,na
    Textbooks & Study Guides,2.4,0.4,-0.1,0.4,-0.5,0,0.5,0.8,0.6,1.9,0.5,1.2,5.2,2.1,2,3.8,4.2,3.4,2.3,2,5.5,4.1,2.8,na,na,na,na,na,na,na,na,na,na,na,na,na,na,na,na,na,na,na,na,na,na,na,na,na,na,na,na,na,na,na,na,na,na,na,na,na,na,na
  Miscellaneous Goods & Services,3.1,0.5,-0.5,-1.2,0.4,1,0.1,0.3,0,1.2,1.9,1.1,0.9,0.7,0.3,2,2.2,2.5,4.4,6.5,5.1,-0.4,3.4,1.8,1.5,1.7,1.3,1.4,1.3,2.8,6.7,3.4,6.2,3.4,3.3,1.7,5.4,0.4,1.7,7.7,5.1,5.3,7.5,8.7,1.4,3.5,2.3,2.3,7.9,14.9,10.3,3.5,0.6,3.8,3.5,3.6,0.4,1.6,1.7,-1.3,0,0
    Personal Care,3.3,1.7,-1.5,-0.1,0.7,-0.1,-1,0,-0.4,-0.3,1.1,0.3,1,0.6,0.4,2.1,1.6,0.5,0.4,0.6,0.2,-0.5,2.2,na,na,na,na,na,na,na,na,na,na,na,na,na,na,na,na,na,na,na,na,na,na,na,na,na,na,na,na,na,na,na,na,na,na,na,na,na,na,na
      Hairdressing,5.4,1.7,-0.2,-0.1,1.5,0,0.7,0.5,0.9,na,na,na,na,na,na,na,na,na,na,na,na,na,na,na,na,na,na,na,na,na,na,na,na,na,na,na,na,na,na,na,na,na,na,na,na,na,na,na,na,na,na,na,na,na,na,na,na,na,na,na,na,na
      Personal Grooming Services,3,0.5,0.4,0.7,0.1,-0.2,0.5,0.3,0.3,na,na,na,na,na,na,na,na,na,na,na,na,na,na,na,na,na,na,na,na,na,na,na,na,na,na,na,na,na,na,na,na,na,na,na,na,na,na,na,na,na,na,na,na,na,na,na,na,na,na,na,na,na
      Other Personal Care,2.9,2.2,-2.6,-0.3,0.7,-0.1,-2.1,-0.2,-1.1,na,na,na,na,na,na,na,na,na,na,na,na,na,na,na,na,na,na,na,na,na,na,na,na,na,na,na,na,na,na,na,na,na,na,na,na,na,na,na,na,na,na,na,na,na,na,na,na,na,na,na,na,na
    Alcoholic Drinks & Tobacco,10,1.2,-0.1,-1,0.4,5,0.3,0.2,1,5.9,0.5,0.7,1,0.5,0.6,2.1,2.3,2.9,13,16.7,15.2,1.1,9.2,na,na,na,na,na,na,na,na,na,na,na,na,na,na,na,na,na,na,na,na,na,na,na,na,na,na,na,na,na,na,na,na,na,na,na,na,na,na,na
      Spirits & Wine,3.5,-0.4,0.3,-2.4,-2,-1.8,0.8,-0.2,-2,na,na,na,na,na,na,na,na,na,na,na,na,na,na,na,na,na,na,na,na,na,na,na,na,na,na,na,na,na,na,na,na,na,na,na,na,na,na,na,na,na,na,na,na,na,na,na,na,na,na,na,na,na
      Beer,4.6,2.5,-0.9,-3.8,-1,-2.7,-2.6,-0.9,2,na,na,na,na,na,na,na,na,na,na,na,na,na,na,na,na,na,na,na,na,na,na,na,na,na,na,na,na,na,na,na,na,na,na,na,na,na,na,na,na,na,na,na,na,na,na,na,na,na,na,na,na,na
      Cigarettes,12.4,1.3,0,-0.1,1.1,7.6,0.7,0.4,1.5,na,na,na,na,na,na,na,na,na,na,na,na,na,na,na,na,na,na,na,na,na,na,na,na,na,na,na,na,na,na,na,na,na,na,na,na,na,na,na,na,na,na,na,na,na,na,na,na,na,na,na,na,na
    Personal Effects,0.2,0.8,1.6,-5.1,-0.6,-0.6,2.4,1.4,-1.2,0.1,-0.2,-0.2,-0.3,1.1,-0.6,1,2.1,3,-2.3,0.3,1.2,-0.4,-0.3,na,na,na,na,na,na,na,na,na,na,na,na,na,na,na,na,na,na,na,na,na,na,na,na,na,na,na,na,na,na,na,na,na,na,na,na,na,na,na
      Jewellery & Watches,2.1,-3.1,-1.2,-1.7,0,-1.8,0.3,-0.3,1.1,na,na,na,na,na,na,na,na,na,na,na,na,na,na,na,na,na,na,na,na,na,na,na,na,na,na,na,na,na,na,na,na,na,na,na,na,na,na,na,na,na,na,na,na,na,na,na,na,na,na,na,na,na
      Other Personal Effects,-0.8,2.8,3.2,-6.9,-0.7,-0.3,2.9,1.8,-1.8,na,na,na,na,na,na,na,na,na,na,na,na,na,na,na,na,na,na,na,na,na,na,na,na,na,na,na,na,na,na,na,na,na,na,na,na,na,na,na,na,na,na,na,na,na,na,na,na,na,na,na,na,na
    Social Services,-1.2,-0.4,-1.8,-2.9,0.2,1.8,0.1,0.4,2.7,na,na,na,na,na,na,na,na,na,na,na,na,na,na,na,na,na,na,na,na,na,na,na,na,na,na,na,na,na,na,na,na,na,na,na,na,na,na,na,na,na,na,na,na,na,na,na,na,na,na,na,na,na
    Other Miscellaneous Services,-0.6,-4.2,0,0,-0.1,0,2.1,-0.1,0.3,na,na,na,na,na,na,na,na,na,na,na,na,na,na,na,na,na,na,na,na,na,na,na,na,na,na,na,na,na,na,na,na,na,na,na,na,na,na,na,na,na,na,na,na,na,na,na,na,na,na,na,na,na
All Items Less Imputed Rentals On Owner-Occupied Accommodation,4.8,6.4,2.5,-0.3,0.9,1.3,1.7,0.3,0.1,1.2,1.9,3.6,4.2,3.3,-0.4,na,na,na,na,na,na,na,na,na,na,na,na,na,na,na,na,na,na,na,na,na,na,na,na,na,na,na,na,na,na,na,na,na,na,na,na,na,na,na,na,na,na,na,na,na,na,na
All Items Less Accommodation,4.9,6.6,2.5,-0.3,0.9,1.4,1.8,0.3,0.1,1.2,1.9,3.5,4.2,3.3,-0.5,5.4,2.3,1,0.6,2,0.8,-0.3,1.1,na,na,na,na,na,na,na,na,na,na,na,na,na,na,na,na,na,na,na,na,na,na,na,na,na,na,na,na,na,na,na,na,na,na,na,na,na,na,na
,,,,,,,,,,,,,,,,,,,,,,,,,,,,,,,,,,,,,,,,,,,,,,,,,,,,,,,,,,,,,,
Footnotes:,,,,,,,,,,,,,,,,,,,,,,,,,,,,,,,,,,,,,,,,,,,,,,,,,,,,,,,,,,,,,,
"The weighting pattern of the Consumer Price Index (CPI) was derived from the expenditure values collected from the 2017/18 Household Expenditure Survey (HES) and updated to 2019 values by taking into account price changes between 2017/18 and 2019.  For more information on the CPI rebasing, refer to the Information Paper 'Rebasing of the Consumer Price Index (2019 as Base Year)' (https://www.singstat.gov.sg/-/media/files/publications/economy/ip-e48.pdf).",,,,,,,,,,,,,,,,,,,,,,,,,,,,,,,,,,,,,,,,,,,,,,,,,,,,,,,,,,,,,,
All Items -> Housing & Utilities -> Accommodation (Per Cent):,,,,,,,,,,,,,,,,,,,,,,,,,,,,,,,,,,,,,,,,,,,,,,,,,,,,,,,,,,,,,,
"Accommodation, one of the groups in the Housing & Utilities expenditure division of the CPI, comprises 'rented and owner-occupied accommodation', as well as 'housing maintenance & repairs'.  A significant share of the Accommodation group is 'owner-occupied accommodation (OOA)' cost, which reflects the costs to homeowners of utilising the flow of services provided by their homes over an extended period of time.  Given that the cost of using housing services is not directly observed for homeowners, it is computed based on the imputed rental concept under the rental equivalence method, i.e. proxied by market rentals.  Housing price is not considered in the CPI as it has a high investment component and is treated as a capital good.  As for the CPI for 'housing maintenance & repairs', it takes into account the rebates for service & conservancy charges (S&CC) disbursed to households living in HDB flats in the applicable months.  Imputed rentals have no impact on the cash expenditure of most households in Singapore as they already own their homes, while the inclusion of S&CC rebates results in some volatility in the monthly CPI.  As such, the CPI for 'All Items less accommodation' and 'All Items less imputed rentals on owner-occupied accommodation' are compiled and published as additional indicators.  For 'All Items less imputed rentals on owner-occupied accommodation', actual rentals paid on rented homes are still included in the measure.",,,,,,,,,,,,,,,,,,,,,,,,,,,,,,,,,,,,,,,,,,,,,,,,,,,,,,,,,,,,,,
All Items -> Transport -> Public Transport -> Point-To-Point Transport Services (Per Cent):,,,,,,,,,,,,,,,,,,,,,,,,,,,,,,,,,,,,,,,,,,,,,,,,,,,,,,,,,,,,,,
"Prior to 2019, the CPI data pertain to taxi services only.  From 2019 onwards, the CPI data pertain to taxi and private hire car services.",,,,,,,,,,,,,,,,,,,,,,,,,,,,,,,,,,,,,,,,,,,,,,,,,,,,,,,,,,,,,,
All Items -> Transport -> Other Transport Services -> Air Fares (Per Cent):,,,,,,,,,,,,,,,,,,,,,,,,,,,,,,,,,,,,,,,,,,,,,,,,,,,,,,,,,,,,,,
"These services were either fully or partially unavailable in April 2020 - February 2023 due to international and safe-distancing measures to contain the COVID-19 pandemic.  Price changes of unavailable services were imputed, in line with international guidelines.  As the services resumed progressively or when restrictions were lifted, actual prices are incorporated into the CPI.",,,,,,,,,,,,,,,,,,,,,,,,,,,,,,,,,,,,,,,,,,,,,,,,,,,,,,,,,,,,,,
All Items -> Recreation & Culture -> Recreational & Cultural Services -> Sport Services & Other Fees (Per Cent):,,,,,,,,,,,,,,,,,,,,,,,,,,,,,,,,,,,,,,,,,,,,,,,,,,,,,,,,,,,,,,
"These services were either fully or partially unavailable in April 2020 - July 2022 due to international and safe-distancing measures to contain the COVID-19 pandemic.  Price changes of unavailable services were imputed, in line with international guidelines.  As the services resumed progressively or when restrictions were lifted, actual prices are incorporated into the CPI.",,,,,,,,,,,,,,,,,,,,,,,,,,,,,,,,,,,,,,,,,,,,,,,,,,,,,,,,,,,,,,
All Items -> Recreation & Culture -> Recreational & Cultural Services -> Cinema Tickets (Per Cent):,,,,,,,,,,,,,,,,,,,,,,,,,,,,,,,,,,,,,,,,,,,,,,,,,,,,,,,,,,,,,,
"These services were either fully or partially unavailable in April 2020 - July 2020 due to international and safe-distancing measures to contain the COVID-19 pandemic.  Price changes of unavailable services were imputed, in line with international guidelines.  As the services resumed progressively or when restrictions were lifted, actual prices are incorporated into the CPI.",,,,,,,,,,,,,,,,,,,,,,,,,,,,,,,,,,,,,,,,,,,,,,,,,,,,,,,,,,,,,,
All Items -> Recreation & Culture -> Recreational & Cultural Services -> Charges To Places Of Interest (Per Cent):,,,,,,,,,,,,,,,,,,,,,,,,,,,,,,,,,,,,,,,,,,,,,,,,,,,,,,,,,,,,,,
"These services were either fully or partially unavailable in April 2020 - July 2020 due to international and safe-distancing measures to contain the COVID-19 pandemic.  Price changes of unavailable services were imputed, in line with international guidelines.  As the services resumed progressively or when restrictions were lifted, actual prices are incorporated into the CPI.",,,,,,,,,,,,,,,,,,,,,,,,,,,,,,,,,,,,,,,,,,,,,,,,,,,,,,,,,,,,,,
All Items -> Recreation & Culture -> Holiday Expenses (Per Cent):,,,,,,,,,,,,,,,,,,,,,,,,,,,,,,,,,,,,,,,,,,,,,,,,,,,,,,,,,,,,,,
"These services were either fully or partially unavailable in April 2020 - February 2023 due to international and safe-distancing measures to contain the COVID-19 pandemic.  Price changes of unavailable services were imputed, in line with international guidelines.  As the services resumed progressively or when restrictions were lifted, actual prices are incorporated into the CPI.",,,,,,,,,,,,,,,,,,,,,,,,,,,,,,,,,,,,,,,,,,,,,,,,,,,,,,,,,,,,,,
All Items -> Recreation & Culture -> Holiday Expenses -> Package Tours (Per Cent):,,,,,,,,,,,,,,,,,,,,,,,,,,,,,,,,,,,,,,,,,,,,,,,,,,,,,,,,,,,,,,
"These services were either fully or partially unavailable in April 2020 - February 2023 due to international and safe-distancing measures to contain the COVID-19 pandemic.  Price changes of unavailable services were imputed, in line with international guidelines.  As the services resumed progressively or when restrictions were lifted, actual prices are incorporated into the CPI.",,,,,,,,,,,,,,,,,,,,,,,,,,,,,,,,,,,,,,,,,,,,,,,,,,,,,,,,,,,,,,
All Items -> Recreation & Culture -> Holiday Expenses -> Hotels & Other Expenses (Per Cent):,,,,,,,,,,,,,,,,,,,,,,,,,,,,,,,,,,,,,,,,,,,,,,,,,,,,,,,,,,,,,,
"These services were either fully or partially unavailable in April 2020 - February 2023 due to international and safe-distancing measures to contain the COVID-19 pandemic.  Price changes of unavailable services were imputed, in line with international guidelines.  As the services resumed progressively or when restrictions were lifted, actual prices are incorporated into the CPI.",,,,,,,,,,,,,,,,,,,,,,,,,,,,,,,,,,,,,,,,,,,,,,,,,,,,,,,,,,,,,,
All Items -> Miscellaneous Goods & Services -> Personal Care -> Personal Grooming Services (Per Cent):,,,,,,,,,,,,,,,,,,,,,,,,,,,,,,,,,,,,,,,,,,,,,,,,,,,,,,,,,,,,,,
"These services were either fully or partially unavailable in April 2020 - June 2020 due to international and safe-distancing measures to contain the COVID-19 pandemic.  Price changes of unavailable services were imputed, in line with international guidelines.  As the services resumed progressively or when restrictions were lifted, actual prices are incorporated into the CPI.",,,,,,,,,,,,,,,,,,,,,,,,,,,,,,,,,,,,,,,,,,,,,,,,,,,,,,,,,,,,,,
All Items Less Imputed Rentals On Owner-Occupied Accommodation (Per Cent):,,,,,,,,,,,,,,,,,,,,,,,,,,,,,,,,,,,,,,,,,,,,,,,,,,,,,,,,,,,,,,
"Accommodation, one of the groups in the Housing & Utilities expenditure division of the CPI, comprises 'rented and owner-occupied accommodation', as well as 'housing maintenance & repairs'.  A significant share of the Accommodation group is 'owner-occupied accommodation (OOA)' cost, which reflects the costs to homeowners of utilising the flow of services provided by their homes over an extended period of time.  Given that the cost of using housing services is not directly observed for homeowners, it is computed based on the imputed rental concept under the rental equivalence method, i.e. proxied by market rentals.  Housing price is not considered in the CPI as it has a high investment component and is treated as a capital good.  As for the CPI for 'housing maintenance & repairs', it takes into account the rebates for service & conservancy charges (S&CC) disbursed to households living in HDB flats in the applicable months.  Imputed rentals have no impact on the cash expenditure of most households in Singapore as they already own their homes, while the inclusion of S&CC rebates results in some volatility in the monthly CPI.  As such, the CPI for 'All Items less accommodation' and 'All Items less imputed rentals on owner-occupied accommodation' are compiled and published as additional indicators.  For 'All Items less imputed rentals on owner-occupied accommodation', actual rentals paid on rented homes are still included in the measure.",,,,,,,,,,,,,,,,,,,,,,,,,,,,,,,,,,,,,,,,,,,,,,,,,,,,,,,,,,,,,,
All Items Less Accommodation (Per Cent):,,,,,,,,,,,,,,,,,,,,,,,,,,,,,,,,,,,,,,,,,,,,,,,,,,,,,,,,,,,,,,
"Accommodation, one of the groups in the Housing & Utilities expenditure division of the CPI, comprises 'rented and owner-occupied accommodation', as well as 'housing maintenance & repairs'.  A significant share of the Accommodation group is 'owner-occupied accommodation (OOA)' cost, which reflects the costs to homeowners of utilising the flow of services provided by their homes over an extended period of time.  Given that the cost of using housing services is not directly observed for homeowners, it is computed based on the imputed rental concept under the rental equivalence method, i.e. proxied by market rentals.  Housing price is not considered in the CPI as it has a high investment component and is treated as a capital good.  As for the CPI for 'housing maintenance & repairs', it takes into account the rebates for service & conservancy charges (S&CC) disbursed to households living in HDB flats in the applicable months.  Imputed rentals have no impact on the cash expenditure of most households in Singapore as they already own their homes, while the inclusion of S&CC rebates results in some volatility in the monthly CPI.  As such, the CPI for 'All Items less accommodation' and 'All Items less imputed rentals on owner-occupied accommodation' are compiled and published as additional indicators.  For 'All Items less imputed rentals on owner-occupied accommodation', actual rentals paid on rented homes are still included in the measure.",,,,,,,,,,,,,,,,,,,,,,,,,,,,,,,,,,,,,,,,,,,,,,,,,,,,,,,,,,,,,,
,,,,,,,,,,,,,,,,,,,,,,,,,,,,,,,,,,,,,,,,,,,,,,,,,,,,,,,,,,,,,,
Definitions,,,,,,,,,,,,,,,,,,,,,,,,,,,,,,,,,,,,,,,,,,,,,,,,,,,,,,,,,,,,,,
2019 As Base Year:,,,,,,,,,,,,,,,,,,,,,,,,,,,,,,,,,,,,,,,,,,,,,,,,,,,,,,,,,,,,,,
The base year is the period with which all the other periods are compared. The base year for the current Consumer Price Index (CPI) is 2019.,,,,,,,,,,,,,,,,,,,,,,,,,,,,,,,,,,,,,,,,,,,,,,,,,,,,,,,,,,,,,,
All Items:,,,,,,,,,,,,,,,,,,,,,,,,,,,,,,,,,,,,,,,,,,,,,,,,,,,,,,,,,,,,,,
"This contains all the CPI expenditure divisions, groups and classes.",,,,,,,,,,,,,,,,,,,,,,,,,,,,,,,,,,,,,,,,,,,,,,,,,,,,,,,,,,,,,,
Consumer Price Index:,,,,,,,,,,,,,,,,,,,,,,,,,,,,,,,,,,,,,,,,,,,,,,,,,,,,,,,,,,,,,,
The Consumer Price Index (CPI) is designed to measure the average price changes in a fixed basket of consumption goods and services commonly purchased by resident households over time. It is widely used as a measure of consumer price inflation.,,,,,,,,,,,,,,,,,,,,,,,,,,,,,,,,,,,,,,,,,,,,,,,,,,,,,,,,,,,,,,
Percent Change in Consumer Price Index:,,,,,,,,,,,,,,,,,,,,,,,,,,,,,,,,,,,,,,,,,,,,,,,,,,,,,,,,,,,,,,
"This measures the change in CPI between two periods. For example, the annual inflation rate for a specific year is computed by comparing the average for the 12 monthly indices with that for the preceding year.Â ",,,,,,,,,,,,,,,,,,,,,,,,,,,,,,,,,,,,,,,,,,,,,,,,,,,,,,,,,,,,,,
,,,,,,,,,,,,,,,,,,,,,,,,,,,,,,,,,,,,,,,,,,,,,,,,,,,,,,,,,,,,,,
Notation:,,,,,,,,,,,,,,,,,,,,,,,,,,,,,,,,,,,,,,,,,,,,,,,,,,,,,,,,,,,,,,
na   not available or not applicable,,,,,,,,,,,,,,,,,,,,,,,,,,,,,,,,,,,,,,,,,,,,,,,,,,,,,,,,,,,,,,
nec  not elsewhere classified,,,,,,,,,,,,,,,,,,,,,,,,,,,,,,,,,,,,,,,,,,,,,,,,,,,,,,,,,,,,,,
nes  not elsewhere specified,,,,,,,,,,,,,,,,,,,,,,,,,,,,,,,,,,,,,,,,,,,,,,,,,,,,,,,,,,,,,,
 -     nil or negligible or not significant,,,,,,,,,,,,,,,,,,,,,,,,,,,,,,,,,,,,,,,,,,,,,,,,,,,,,,,,,,,,,,
Notes,,,,,,,,,,,,,,,,,,,,,,,,,,,,,,,,,,,,,,,,,,,,,,,,,,,,,,,,,,,,,,
Numbers may not add up to the totals due to rounding.,,,,,,,,,,,,,,,,,,,,,,,,,,,,,,,,,,,,,,,,,,,,,,,,,,,,,,,,,,,,,,
"Data are the latest available at the time of access or download. Some statistics, particularly those for the most recent time periods, are provisional and may be subject to revision at a later date.",,,,,,,,,,,,,,,,,,,,,,,,,,,,,,,,,,,,,,,,,,,,,,,,,,,,,,,,,,,,,,
Values are shown in Singapore dollars (unless otherwise specified).,,,,,,,,,,,,,,,,,,,,,,,,,,,,,,,,,,,,,,,,,,,,,,,,,,,,,,,,,,,,,,
,,,,,,,,,,,,,,,,,,,,,,,,,,,,,,,,,,,,,,,,,,,,,,,,,,,,,,,,,,,,,,
Generated by: SingStat Table Builder,,,,,,,,,,,,,,,,,,,,,,,,,,,,,,,,,,,,,,,,,,,,,,,,,,,,,,,,,,,,,,
Date generated: 31/05/2024,,,,,,,,,,,,,,,,,,,,,,,,,,,,,,,,,,,,,,,,,,,,,,,,,,,,,,,,,,,,,,
Contact: info@singstat.gov.sg,,,,,,,,,,,,,,,,,,,,,,,,,,,,,,,,,,,,,,,,,,,,,,,,,,,,,,,,,,,,,,